{
	"kitap" :  [
  {
    "title": "Unlocking Android",
    "isbn": "1933988673",
    "pageCount": 416,
    "publishedDate": { "$date": "2009-04-01T00:00:00.000-0700" },
    "thumbnailUrl": "https://s3.amazonaws.com/AKIAJC5RLADLUMVRPFDQ.book-thumb-images/ableson.jpg",
    "shortDescription": "Unlocking Android: A Developer's Guide provides concise, hands-on instruction for the Android operating system and development tools. This book teaches important architectural concepts in a straightforward writing style and builds on this with practical and useful examples throughout.",
    "longDescription": "Android is an open source mobile phone platform based on the Linux operating system and developed by the Open Handset Alliance, a consortium of over 30 hardware, software and telecom companies that focus on open standards for mobile devices. Led by search giant, Google, Android is designed to deliver a better and more open and cost effective mobile experience.    Unlocking Android: A Developer's Guide provides concise, hands-on instruction for the Android operating system and development tools. This book teaches important architectural concepts in a straightforward writing style and builds on this with practical and useful examples throughout. Based on his mobile development experience and his deep knowledge of the arcane Android technical documentation, the author conveys the know-how you need to develop practical applications that build upon or replace any of Androids features, however small.    Unlocking Android: A Developer's Guide prepares the reader to embrace the platform in easy-to-understand language and builds on this foundation with re-usable Java code examples. It is ideal for corporate and hobbyists alike who have an interest, or a mandate, to deliver software functionality for cell phones.    WHAT'S INSIDE:        * Android's place in the market      * Using the Eclipse environment for Android development      * The Intents - how and why they are used      * Application classes:            o Activity            o Service            o IntentReceiver       * User interface design      * Using the ContentProvider to manage data      * Persisting data with the SQLite database      * Networking examples      * Telephony applications      * Notification methods      * OpenGL, animation & multimedia      * Sample Applications  ",
    "status": "PUBLISH",
    "authors": ["W. Frank Ableson", "Charlie Collins", "Robi Sen"],
    "categories": ["Open Source", "Mobile"]
  },
  {
    "title": "Android in Action, Second Edition",
    "isbn": "1935182722",
    "pageCount": 592,
    "publishedDate": { "$date": "2011-01-14T00:00:00.000-0800" },
    "thumbnailUrl": "https://s3.amazonaws.com/AKIAJC5RLADLUMVRPFDQ.book-thumb-images/ableson2.jpg",
    "shortDescription": "Android in Action, Second Edition is a comprehensive tutorial for Android developers. Taking you far beyond \"Hello Android,\" this fast-paced book puts you in the driver's seat as you learn important architectural concepts and implementation strategies. You'll master the SDK, build WebKit apps using HTML 5, and even learn to extend or replace Android's built-in features by building useful and intriguing examples. ",
    "longDescription": "When it comes to mobile apps, Android can do almost anything   and with this book, so can you! Android runs on mobile devices ranging from smart phones to tablets to countless special-purpose gadgets. It's the broadest mobile platform available.    Android in Action, Second Edition is a comprehensive tutorial for Android developers. Taking you far beyond \"Hello Android,\" this fast-paced book puts you in the driver's seat as you learn important architectural concepts and implementation strategies. You'll master the SDK, build WebKit apps using HTML 5, and even learn to extend or replace Android's built-in features by building useful and intriguing examples. ",
    "status": "PUBLISH",
    "authors": ["W. Frank Ableson", "Robi Sen"],
    "categories": ["Java"]
  },
  {
    "title": "Specification by Example",
    "isbn": "1617290084",
    "pageCount": 0,
    "publishedDate": { "$date": "2011-06-03T00:00:00.000-0700" },
    "thumbnailUrl": "https://s3.amazonaws.com/AKIAJC5RLADLUMVRPFDQ.book-thumb-images/adzic.jpg",
    "status": "PUBLISH",
    "authors": ["Gojko Adzic"],
    "categories": ["Software Engineering"]
  },
  {
    "title": "Flex 3 in Action",
    "isbn": "1933988746",
    "pageCount": 576,
    "publishedDate": { "$date": "2009-02-02T00:00:00.000-0800" },
    "thumbnailUrl": "https://s3.amazonaws.com/AKIAJC5RLADLUMVRPFDQ.book-thumb-images/ahmed.jpg",
    "longDescription": "New web applications require engaging user-friendly interfaces   and the cooler, the better. With Flex 3, web developers at any skill level can create high-quality, effective, and interactive Rich Internet Applications (RIAs) quickly and easily. Flex removes the complexity barrier from RIA development by offering sophisticated tools and a straightforward programming language so you can focus on what you want to do instead of how to do it. And now that the major components of Flex are free and open-source, the cost barrier is gone, as well!    Flex 3 in Action is an easy-to-follow, hands-on Flex tutorial. Chock-full of examples, this book goes beyond feature coverage and helps you put Flex to work in real day-to-day tasks. You'll quickly master the Flex API and learn to apply the techniques that make your Flex applications stand out from the crowd.    Interesting themes, styles, and skins  It's in there.  Working with databases  You got it.  Interactive forms and validation  You bet.  Charting techniques to help you visualize data  Bam!  The expert authors of Flex 3 in Action have one goal   to help you get down to business with Flex 3. Fast.    Many Flex books are overwhelming to new users   focusing on the complexities of the language and the super-specialized subjects in the Flex eco-system; Flex 3 in Action filters out the noise and dives into the core topics you need every day. Using numerous easy-to-understand examples, Flex 3 in Action gives you a strong foundation that you can build on as the complexity of your projects increases.",
    "status": "PUBLISH",
    "authors": ["Tariq Ahmed with Jon Hirschi", "Faisal Abid"],
    "categories": ["Internet"]
  },
  {
    "title": "Flex 4 in Action",
    "isbn": "1935182420",
    "pageCount": 600,
    "publishedDate": { "$date": "2010-11-15T00:00:00.000-0800" },
    "thumbnailUrl": "https://s3.amazonaws.com/AKIAJC5RLADLUMVRPFDQ.book-thumb-images/ahmed2.jpg",
    "longDescription": "Using Flex, you can create high-quality, effective, and interactive Rich Internet Applications (RIAs) quickly and easily. Flex removes the complexity barrier from RIA development by offering sophisticated tools and a straightforward programming language so you can focus on what you want to do instead of how to do it. And the new features added in Flex 4 give you an even wider range of options!    Flex 4 in Action is an easy-to-follow, hands-on Flex tutorial that goes beyond feature coverage and helps you put Flex to work in real day-to-day tasks. You'll quickly master the Flex API and learn to apply the techniques that make your Flex applications stand out from the crowd.    The expert authors of Flex 4 in Action have one goal-to help you get down to business with Flex. Fast. Flex 4 in Action filters out the noise and dives into the core topics you need every day. Using numerous easy-to-understand examples, Flex 4 in Action gives you a strong foundation that you can build on as the complexity of your projects increases.    Interesting themes, styles, and skins  It's in there.  Working with databases  You got it.  Interactive forms and validation  You bet.  Charting techniques to help you visualize data  Bam!  And you'll get full coverage of these great Flex 4 upgrades:  Next generation Spark components-New buttons, form inputs, navigation controls and other visual components replace the Flex 3 \"Halo\" versions. Spark components are easier to customize, which makes skinning and theme design much faster  A new \"network monitor\" allows you to see the data communications between a Flex application and a backend server, which helps when trying to debug applications that are communicating to another system/service  Numerous productivity boosting features that speed up the process of creating applications  A faster compiler to take your human-written source code and convert it into a machine-readable format  Built-in support for unit testing allows you to improve the quality of your software, and reduce the time spent in testing",
    "status": "PUBLISH",
    "authors": ["Tariq Ahmed", "Dan Orlando", "John C. Bland II", "Joel Hooks"],
    "categories": ["Internet"]
  },
  {
    "title": "Collective Intelligence in Action",
    "isbn": "1933988312",
    "pageCount": 425,
    "publishedDate": { "$date": "2008-10-01T00:00:00.000-0700" },
    "thumbnailUrl": "https://s3.amazonaws.com/AKIAJC5RLADLUMVRPFDQ.book-thumb-images/alag.jpg",
    "longDescription": "There's a great deal of wisdom in a crowd, but how do you listen to a thousand people talking at once  Identifying the wants, needs, and knowledge of internet users can be like listening to a mob.    In the Web 2.0 era, leveraging the collective power of user contributions, interactions, and feedback is the key to market dominance. A new category of powerful programming techniques lets you discover the patterns, inter-relationships, and individual profiles   the collective intelligence   locked in the data people leave behind as they surf websites, post blogs, and interact with other users.    Collective Intelligence in Action is a hands-on guidebook for implementing collective-intelligence concepts using Java. It is the first Java-based book to emphasize the underlying algorithms and technical implementation of vital data gathering and mining techniques like analyzing trends, discovering relationships, and making predictions. It provides a pragmatic approach to personalization by combining content-based analysis with collaborative approaches.    This book is for Java developers implementing collective intelligence in real, high-use applications. Following a running example in which you harvest and use information from blogs, you learn to develop software that you can embed in your own applications. The code examples are immediately reusable and give the Java developer a working collective intelligence toolkit.    Along the way, you work with, a number of APIs and open-source toolkits including text analysis and search using Lucene, web-crawling using Nutch, and applying machine learning algorithms using WEKA and the Java Data Mining (JDM) standard.",
    "status": "PUBLISH",
    "authors": ["Satnam Alag"],
    "categories": ["Internet"]
  },
  {
    "title": "Zend Framework in Action",
    "isbn": "1933988320",
    "pageCount": 432,
    "publishedDate": { "$date": "2008-12-01T00:00:00.000-0800" },
    "thumbnailUrl": "https://s3.amazonaws.com/AKIAJC5RLADLUMVRPFDQ.book-thumb-images/allen.jpg",
    "shortDescription": "Zend Framework in Action is a comprehensive tutorial that shows how to use the Zend Framework to create web-based applications and web services. This book takes you on an over-the-shoulder tour of the components of the Zend Framework as you build a high quality, real-world web application.",
    "longDescription": "From rather humble beginnings as the Personal Home Page scripting language, PHP has found its way into almost every server, corporation, and dev shop in the world. On an average day, somewhere between 500,000 and 2 million coders do something in PHP. Even when you use a well-understood language like PHP, building a modern web application requires tools that decrease development time and cost while improving code quality. Frameworks such as Ruby-on-Rails and Django have been getting a lot of attention as a result.     For PHP coders, the Zend Framework offers that same promise without the need to move away from PHP. This powerful collection of components can be used in part or as a whole to speed up the development process. Zend Framework has the backing of Zend Technologies; the driving force behind the PHP programming language in which it is written. The first production release of the Zend Framework became available in July of 2007.    Zend Framework in Action is a comprehensive tutorial that shows how to use the Zend Framework to create web-based applications and web services. This book takes you on an over-the-shoulder tour of the components of the Zend Framework as you build a high quality, real-world web application. This book is organized around the techniques you'll use every day as a web developer \"data handling, forms, authentication, and so forth. As you follow the running example, you'll learn to build interactive Ajax-driven features into your application without sacrificing nuts-and-bolts considerations like security and performance.  This book is aimed at the competent PHP developer who wants to master framework-driven web development. Zend Framework in Action goes beyond the docs but still provides quick access to the most common topics encountered in the development of web applications.  ",
    "status": "PUBLISH",
    "authors": ["Rob Allen", "Nick Lo", "Steven Brown"],
    "categories": ["Web Development"]
  },
  {
    "title": "Flex on Java",
    "isbn": "1933988797",
    "pageCount": 265,
    "publishedDate": { "$date": "2010-10-15T00:00:00.000-0700" },
    "thumbnailUrl": "https://s3.amazonaws.com/AKIAJC5RLADLUMVRPFDQ.book-thumb-images/allmon.jpg",
    "shortDescription": "   A beautifully written book that is a must have for every Java Developer.       Ashish Kulkarni, Technical Director, E-Business Software Solutions Ltd.",
    "longDescription": "In the demo, a hip designer, a sharply-dressed marketer, and a smiling, relaxed developer sip lattes and calmly discuss how Flex is going to make customers happy and shorten the workday   all while boosting the bottom line. The software systems they're using have been carefully selected and built from the ground up to work together seamlessly. There are no legacy systems, data, or competing business concerns to manage.    Cut to reality.    You're a Java developer. The marketing guy tells you that \"corporate\" wants a Flex-based site and you have to deliver it on top of what you already have. Your budget  Don't even ask. \"Make it look like the Discovery channel or something.\"    Flex on Java assumes you live in the real world   not the demo. This unique book shows you how to refactor an existing web application using the server-side you already know. You'll learn to use Flex 3 in concert with Spring, EJB 3, POJOs, JMS, and other standard technologies. Wherever possible, the examples use free or open source software.    The authors start with a typical Java web app and show you how to add a rich Flex interface. You also learn how to integrate Flex into your server-side Java via the BlazeDS framework, Adobe's open-source remoting and web messaging technology for Flex.    The book shows you how to deploy to not only the web but also to the desktop using the Adobe Integrated Runtime (AIR). You will learn how to integrate Flex into your existing applications in order to build a next generation application that will delight users.    Flex on Java is approachable for anyone beginning Java and Flex development.    ",
    "status": "PUBLISH",
    "authors": ["Bernerd Allmon", "Jeremy Anderson"],
    "categories": ["Internet"]
  },
  {
    "title": "Griffon in Action",
    "isbn": "1935182234",
    "pageCount": 375,
    "publishedDate": { "$date": "2012-06-04T00:00:00.000-0700" },
    "thumbnailUrl": "https://s3.amazonaws.com/AKIAJC5RLADLUMVRPFDQ.book-thumb-images/almiray.jpg",
    "shortDescription": "Griffon in Action is a comprehensive tutorial written for Java developers who want a more productive approach to UI development. In this book, you'll immediately dive into Griffon. After a Griffon orientation and a quick Groovy tutorial, you'll start building examples that explore Griffon's high productivity approach to Swing development. One of the troublesome parts of Swing development is the amount of Java code that is required to get a simple application off the ground.",
    "longDescription": "Although several options exist for interface development in Java, even popular UI toolkits like Swing have been notoriously complex and difficult to use. Griffon, an agile framework that uses Groovy to simplify Swing, makes UI development dramatically faster and easier. In many respects, Griffon is for desktop development what Grails is for web development. While it's based on Swing, its declarative style and approachable level of abstraction is instantly familiar to developers familiar with other technologies such as Flex or JavaFX.    Griffon in Action is a comprehensive tutorial written for Java developers who want a more productive approach to UI development. In this book, you'll immediately dive into Griffon. After a Griffon orientation and a quick Groovy tutorial, you'll start building examples that explore Griffon's high productivity approach to Swing development. One of the troublesome parts of Swing development is the amount of Java code that is required to get a simple application off the ground.    You'll learn how SwingBuilder (and its cousin builders) present a very palatable alternative in the form of a DSL geared towards building graphical user interfaces. Pair it up with the convention over configuration paradigm, a well tested and tried application source structure (based on Grails) and you have a recipe for quick and effective Swing application development. Griffon in Action covers declarative view development, like the one provided by JavaFX Script, as well as the structure, architecture and life cycle of Java application development",
    "status": "PUBLISH",
    "authors": ["Andres Almiray", "Danno Ferrin", "", "James Shingler"],
    "categories": ["Java"]
  },
  {
    "title": "OSGi in Depth",
    "isbn": "193518217X",
    "pageCount": 325,
    "publishedDate": { "$date": "2011-12-12T00:00:00.000-0800" },
    "thumbnailUrl": "https://s3.amazonaws.com/AKIAJC5RLADLUMVRPFDQ.book-thumb-images/alves.jpg",
    "shortDescription": "Enterprise OSGi shows a Java developer how to develop to the OSGi Service Platform Enterprise specification, an emerging Java-based technology for developing modular enterprise applications. Enterprise OSGi addresses several shortcomings of existing enterprise platforms, such as allowing the creation of better maintainable and extensible applications, and provide a simpler, easier-to-use, light-weight solution to enterprise software development.",
    "longDescription": "A good application framework greatly simplifies a developer's task by providing reusable code modules that solve common, tedious, or complex tasks. Writing a great framework requires an extraordinary set of skills-ranging from deep knowledge of a programming language and target platform to a crystal-clear view of the problem space where the applications to be developed using the framework will be used.    OSGi Application Frameworks shows a Java developer how to build frameworks based on the OSGi service platform. OSGi, an emerging Java-based technology for developing modular applications, is a great tool for framework building. A framework itself, OSGi allows the developer to create a more intuitive, modular framework by isolating many of the key challenges the framework developer faces.    This book begins by describing the process, principles, and tools you must master to build a custom application framework. It introduces the fundamental concepts of OSGi, and then shows you how to put OSGi to work building various types of frameworks that solve specific development problems.    OSGi is particularly useful for building frameworks that can be easily extended by developers to create domain-specific applications. This book teaches the developer to break down a problem domain into its abstractions and then use OSGi to create a modular framework solution. Along the way, the developer learns software engineering practices intrinsic to framework building that result in systems with better software qualities, such as flexibility, extensibility, and maintainability.    Author Alexandre Alves guides you through major concepts, such as the definition of programming models and modularization techniques, and complements them with samples that have real applicability using industry-proved technologies, such as Spring-DM and Equinox.",
    "status": "PUBLISH",
    "authors": ["Alexandre de Castro Alves"],
    "categories": ["Java"]
  },
  {
    "title": "Flexible Rails",
    "isbn": "1933988509",
    "pageCount": 592,
    "publishedDate": { "$date": "2008-01-01T00:00:00.000-0800" },
    "thumbnailUrl": "https://s3.amazonaws.com/AKIAJC5RLADLUMVRPFDQ.book-thumb-images/armstrong.jpg",
    "shortDescription": "\"Flexible Rails created a standard to which I hold other technical books. You definitely get your money's worth.\"",
    "longDescription": "Rails is a fantastic tool for web application development, but its Ajax-driven interfaces stop short of the richness you gain with a tool like Adobe Flex. Simply put, Flex is the most productive way to build the UI of rich Internet applications, and Rails is the most productive way to rapidly build a database-backed CRUD application. Together, they're an amazing combination.    Flexible Rails is a book about how to use Ruby on Rails and Adobe Flex to build next-generation rich Internet applications (RIAs). The book takes you to the leading edge of RIA development, presenting examples in Flex 3 and Rails 2.    This book is not an exhaustive Ruby on Rails tutorial, nor a Flex reference manual. (Adobe ships over 3000 pages of PDF reference documentation with Flex.) Instead, it's an extensive tutorial, developed iteratively, how to build an RIA using Flex and Rails together. You learn both the specific techniques you need to use Flex and Rails together as well as the development practices that make the combination especially powerful.    The example application built in the book is MIT-licensed, so readers can use it as the basis for their own applications. In fact, one reader has already built an agile project management tool based on the book example!    With this book, you learn Flex by osmosis. You can read the book and follow along even if you have never used Flex before. Consider it \"Flex Immersion.\" You absorb the key concepts of Flex as you go through the process of building the application.    You will also learn how Flex and Rails integrate with HTTPService and XML, and see how RESTful Rails controller design gracefully supports using the same controller actions for Flex and HTML clients. The author will show you how Cairngorm can be used to architect larger Flex applications, including tips to use Cairngorm in a less verbose way with HTTPService to talk to Rails.    Flexible Rails is for both Rails developers who are interested in Flex, and Flex developers who are interested in Rails. For a Rails developer, Flex allows for more dynamic and engaging user interfaces than are possible with Ajax. For a Flex developer, Rails provides a way to rapidly build the ORM and services layer of the application.",
    "status": "PUBLISH",
    "authors": ["Peter Armstrong"],
    "categories": ["Web Development"]
  },
  {
    "title": "Hello! Flex 4",
    "isbn": "1933988762",
    "pageCount": 258,
    "publishedDate": { "$date": "2009-11-01T00:00:00.000-0700" },
    "thumbnailUrl": "https://s3.amazonaws.com/AKIAJC5RLADLUMVRPFDQ.book-thumb-images/armstrong3.jpg",
    "shortDescription": "Hello! Flex 4 progresses through 26 self-contained examples selected so you can progressively master Flex. They vary from small one-page apps, to a 3D rotating haiku, to a Connect Four-like game. And in the last chapter you'll learn to build a full Flex application called SocialStalkr   a mashup that lets you follow your friends by showing their tweets on a Yahoo map.",
    "longDescription": "With Flex 4 you can easily add color and life to your web applications by introducing dynamic user features, slick transitions, and eye-catching animations. Flex also provides powerful data handling capabilities so you can build industrial-strength applications. And it's open source, so you can get started without forking over a lot of your hard-earned cash.    We think it should be just as much fun to learn Flex as it is to use Flex. Hello! Flex 4 shows you everything you need to know to get started with Flex 4 without bogging you down in obscure detail or academic edge cases. In this entertaining, hands-on book, you'll quickly move from Hello World into the techniques you'll need to use Flex effectively.    You'll start by progressing through 26 self-contained workshop items, which include everything from small one-page examples, to a 3D rotating haiku, to building a Connect Four game. Finally, in the last chapter you'll build a full Flex application called 'SocialStalkr': an interesting mashup of Twitter and Yahoo Maps that lets you 'stalk' your friends by showing specially formatted Twitter tweets on a Yahoo map.",
    "status": "PUBLISH",
    "authors": ["Peter Armstrong"],
    "categories": ["Internet"]
  },
  {
    "title": "Coffeehouse",
    "isbn": "1884777384",
    "pageCount": 316,
    "publishedDate": { "$date": "1997-07-01T00:00:00.000-0700" },
    "thumbnailUrl": "https://s3.amazonaws.com/AKIAJC5RLADLUMVRPFDQ.book-thumb-images/asher.jpg",
    "shortDescription": "Coffeehouse is an anthology of stories, poems and essays originally published on the World Wide Web.",
    "longDescription": "Coffeehouse is an anthology of stories, poems and essays originally published on the World Wide Web. The purpose is to capture the zeitgeist of the web's creative community, and to give readers a chance to enjoy some of the best and most notable original works that have appeared in this form. It showcases over forty individual web writers, among them Joseph Squier, Martha Conway, Jason Snell, David Alexander, Carl Steadman and Walter Miller. The intent is to show the variety and vitality of the web's blossoming literary \"scene,\" and to capture the unique and highly iconoclastic \"personality\" of the web community.",
    "status": "PUBLISH",
    "authors": ["Levi Asher", "Christian Crumlish"],
    "categories": ["Miscellaneous"]
  },
  {
    "title": "Team Foundation Server 2008 in Action",
    "isbn": "1933988592",
    "pageCount": 344,
    "publishedDate": { "$date": "2008-12-01T00:00:00.000-0800" },
    "thumbnailUrl": "https://s3.amazonaws.com/AKIAJC5RLADLUMVRPFDQ.book-thumb-images/azher.jpg",
    "longDescription": "In complex software projects, managing the development process can be as critical to success as writing the code itself. A project may involve dozens of developers, managers, architects, testers, and customers, hundreds of builds, and thousands of opportunities to get off-track. To keep tabs on the people, tasks, and components of a medium- to large-scale project, most teams use a development system that allows for easy monitoring, follow-up, and accountability.    Microsoft Team Foundation Server 2008 (TFS), the server component of Microsoft's Visual Studio Team System (VSTS), provides a powerful collaborative platform for software-development teams. The product offers an integrated toolset for tracking work items, creating test cases, managing source code, generating builds, constructing database schemas, and so on. Because in software development one size does not fit all, TFS provides process customization, project management, and reporting capabilities to build solutions around your requirements.    Team Foundation Server 2008 in Action is a hands-on guide to Team Foundation Server 2008. Written for developers with a good handle on TFS basics, this book shows you how to solve real-life problems. It's not a repetition of Microsoft's product documentation. Team Foundation Server 2008 in Action is a practitioner's handbook for how to work with TFS under common constraints. This book walks you through real-life software engineering problems based on hundreds of hours of TFS experience.    You'll benefit from expert author Jamil Azher's extensive interactions with members of Microsoft's TFS team and MVPs, survey feedback from the author's blog, and interviews with organizations and user groups using TFS. Instead of just offering a high-level overview, the book provides detailed solutions for solving common   and not-so-common   problems using TFS. It discusses the strengths as well as weaknesses of TFS, and suggests appropriate problem resolution steps, workarounds, or custom solutions.",
    "status": "PUBLISH",
    "authors": ["Jamil Azher"],
    "categories": ["Microsoft .NET"]
  },
  {
    "title": "Brownfield Application Development in .NET",
    "isbn": "1933988711",
    "pageCount": 550,
    "publishedDate": { "$date": "2010-04-16T00:00:00.000-0700" },
    "thumbnailUrl": "https://s3.amazonaws.com/AKIAJC5RLADLUMVRPFDQ.book-thumb-images/baley.jpg",
    "shortDescription": "Brownfield Application Development in .Net shows you how to approach legacy applications with the state-of-the-art concepts, patterns, and tools you've learned to apply to new projects. Using an existing application as an example, this book guides you in applying the techniques and best practices you need to make it more maintainable and receptive to change.",
    "longDescription": "It's easy to get excited about building a new software project from scratch. So-called \"greenfield\" projects often involve learning new technology and the opportunity for experimentation. Working on established software projects may seem less glamorous.    Most software developers have inherited a monolithic application where the day-to-day tasks involve maintenance, incremental improvements, or even cleaning up the mess another programmer left behind. These legacy or brownfield projects often have tightly coupled components, low cohesion, and poor separation of concerns, making them fragile and resistant to change.    Brownfield Application Development in .Net shows you how to approach legacy applications with the state-of-the-art concepts, patterns, and tools you've learned to apply to new projects. Using an existing application as an example, this book guides you in applying the techniques and best practices you need to make it more maintainable and receptive to change.    Starting with the build process and the introduction of unit tests, the authors show you how to set up the application so that in later chapters, you can make incremental changes aimed at decoupling components from each other. Each practice introduced will increase your confidence and ability to make subsequent changes to your code.    As the book proceeds, the authors introduce frameworks and tools commonly used today while still approaching the subject from a conceptual level so that you can substitute alternate tools as appropriate. This book examines the reasons why a tool is necessary, not the tool itself. Because the book is based on the authors' experiences, Brownfield Application Development in .Net moves beyond the theories and shows you the techniques you need to be successful.",
    "status": "PUBLISH",
    "authors": ["Kyle Baley", "Donald Belcham"],
    "categories": ["Microsoft"]
  },
  {
    "title": "MongoDB in Action",
    "isbn": "1935182870",
    "pageCount": 0,
    "publishedDate": { "$date": "2011-12-12T00:00:00.000-0800" },
    "thumbnailUrl": "https://s3.amazonaws.com/AKIAJC5RLADLUMVRPFDQ.book-thumb-images/banker.jpg",
    "shortDescription": "MongoDB In Action is a comprehensive guide to MongoDB for application developers. The book begins by explaining what makes MongoDB unique and describing its ideal use cases. A series of tutorials designed for MongoDB mastery then leads into detailed examples for leveraging MongoDB in e-commerce, social networking, analytics, and other common applications.",
    "longDescription": "MongoDB is a document-oriented database that's highly scalable and delivers very high-performance, especially with massive data sets that need to be spread across multiple servers. It blends the things you expect with any database   like indexing, querying, and high availability   with powerful new features like easy horizontal scaling (\"auto-sharding\"), map/reduce aggregation, and a flexible document data model to support dynamic schemas.    MongoDB In Action is a comprehensive guide to MongoDB for application developers. The book begins by explaining what makes MongoDB unique and describing its ideal use cases. A series of tutorials designed for MongoDB mastery then leads into detailed examples for leveraging MongoDB in e-commerce, social networking, analytics, and other common applications.    Along the way, all of MongoDB's major features are covered, including:        * Indexes and explain plans for efficient queries      * Atomic operations for managing simple data structures and manipulating complex, rich documents      * GridFS for storing and managing large binary objects (images, videos, etc.) in MongoDB      * Map-reduce for custom aggregations and reporting      * Master-slave replication and replica sets for automated failover      * Auto-sharding for automated horizontal scaling    The handy reference section on schema design patterns will help ease the transition from the relational data model of SQL to MongoDB's document-based data model. The numerous, detailed examples are implemented in Ruby and include comprehensive explanations.    MongoDB has been gaining traction in the developer community for its speed, flexibility, scalability, and ease of use. With production deployments that include SourceForge, Foursquare, and Shutterfly, MongoDB is proving to be a robust and reliable database system that keeps developers happy. Covering everything from installation to application design to deployment, MongoDB In Action is written for the application developer who wants to take advantage of MongoDB and get up and running quickly.",
    "status": "PUBLISH",
    "authors": ["Kyle Banker"],
    "categories": ["Next Generation Databases"]
  },
  {
    "title": "Distributed Application Development with PowerBuilder 6.0",
    "isbn": "1884777686",
    "pageCount": 504,
    "publishedDate": { "$date": "1998-06-01T00:00:00.000-0700" },
    "longDescription": "Distributed Application Development with PowerBuilder 6.0 is a vital source for the PowerBuilder programmer; it provides the sort of detailed coverage of Distributed PowerBuilder that you can find nowwhere else.    The book opens with a discussion of distributed computing in general, as well as its design principles and technologies. Then Distributed PowerBuilder is examined in detail. By building a simple application step by step, the author discusses all of the concepts and components needed for building a PowerBuilder application and shows how to make the application available over a network.    Finally, the author explores how PowerBuilder can be used in distributed solutions both with and without using DPB.    Distributed Application Development with PowerBuilder 6.0 is for any PowerBuilder developer looking for information on distributed computing options with the PowerBuilder environment. IS managers, system architects, and developers using many different technologies can learn how PowerBuilder can be used as all or part of the solution for building distributed applications.    The main topic of this book is Distributed PowerBuilder (DPB). It covers the basics of building a DPB application and walks through each new feature with examples including the Shared object, DataWindow synchronization, Server Push and Web.PB. It also explains distributed computing technologies and design principles so that your application can be built to handle the stresses of a distributed environment.  ",
    "status": "PUBLISH",
    "authors": ["Michael J. Barlotta"],
    "categories": ["PowerBuilder"]
  },
  {
    "title": "Jaguar Development with PowerBuilder 7",
    "isbn": "1884777864",
    "pageCount": 550,
    "publishedDate": { "$date": "1999-08-01T00:00:00.000-0700" },
    "thumbnailUrl": "https://s3.amazonaws.com/AKIAJC5RLADLUMVRPFDQ.book-thumb-images/barlotta2.jpg",
    "shortDescription": "Jaguar Development with PowerBuilder 7 is the definitive guide to distributed application development with PowerBuilder. It is the only book dedicated to preparing PowerBuilder developers for Jaguar applications and has been approved by Sybase engineers and product specialists who build the tools described in the book.",
    "longDescription": "Jaguar Development with PowerBuilder 7 is the definitive guide to distributed application development with PowerBuilder. It is the only book dedicated to preparing PowerBuilder developers for Jaguar applications and has been approved by Sybase engineers and product specialists who build the tools described in the book.    Jaguar Development with PowerBuilder 7 focuses on getting you up to speed on Jaguar and PowerBuilder, and it is packed with code samples to guide you every step of the way. It covers each step involved in application development, from setting up the development environment to deploying a production application.    Even a PowerBuilder developer with no experience in distributed technologies or Jaguar CTS will learn what it takes to build an application. Jaguar Development with PowerBuilder 7 covers:    Developing Component-centric Applications  Building Jaguar CTS Components/Clients  CORBA  Adaptive SQL Anywhere  Adaptive Server Enterprise  and lots more!",
    "status": "PUBLISH",
    "authors": ["Michael Barlotta"],
    "categories": ["PowerBuilder", "Client-Server"]
  },
  {
    "title": "Taming Jaguar",
    "isbn": "1884777686",
    "pageCount": 362,
    "publishedDate": { "$date": "2000-07-01T00:00:00.000-0700" },
    "thumbnailUrl": "https://s3.amazonaws.com/AKIAJC5RLADLUMVRPFDQ.book-thumb-images/barlotta3.jpg",
    "longDescription": "Taming Jaguar is part of the PowerBuilder Developer's series, which includes Distributed Application Development with PowerBuilder 6 and Jaguar Development with PowerBuilder 7.    An application server is the heart of your enterprise computing architecture, centralizing your web content, business logic, and access to your data and legacy applications. Sybase's application server, Jaguar CTS, delivers performance, scalability, and flexibility running CORBA , COM, Java/EJB, C++, and PowerBuilder components.    If you are looking to adopt Jaguar in your enterprise, look no further. Taming Jaguar shows you how to solve the real-world problems of installing, trouble-shooting, designing, developing, and maintaining a Jaguar application. Topical chapters are organized in a Q & A format making it easy for you to quickly find the solution to your problem. They also provide foundational and background information as well as detailed technical how-tos.    Although designed so you can find your problems easily, this book is meant to be read cover-to-cover with each chapter discussing its topic exhaustively.    What's inside:    J2EE development  Java Servlets  Jaguar administration & code balancing  EJBs  Web development with PowerDynamo  Advanced component design ",
    "status": "PUBLISH",
    "authors": ["Michael J. Barlotta", "Jason R. Weiss"],
    "categories": ["PowerBuilder"]
  },
  {
    "title": "3D User Interfaces with Java 3D",
    "isbn": "1884777902",
    "pageCount": 520,
    "publishedDate": { "$date": "2000-08-01T00:00:00.000-0700" },
    "thumbnailUrl": "https://s3.amazonaws.com/AKIAJC5RLADLUMVRPFDQ.book-thumb-images/barrilleaux.jpg",
    "longDescription": "3D User Interfaces with Java 3D is a practical guide for providing next-generation applications with 3D user interfaces for manipulation of in-scene objects. Emphasis is on standalone and web-based business applications, such as for online sales and mass customization, but much of what this book offers has broad applicability to 3D user interfaces in other pursuits such as scientific visualization and gaming.  This book provides an extensive conceptual framework for 3D user interface techniques, and an in-depth introduction to user interface support in the Java 3D API, including such topics as picking, collision, and drag-and-drop. Many of the techniques are demonstrated in a Java 3D software framework included with the book, which also provides developers with many general-purpose building blocks for constructing their own user interfaces.    Applications and their use of 3D are approached realistically. The book is geared towards sophisticated user interfaces for the \"everyday user\" who doesn't have a lot of time to learn another application--much less a complicated one--and an everyday computer system without exotic devices like head mounted displays and data gloves. Perhaps the best description of this book is: \"A roadmap from Java 3D to 'Swing 3D'.\"",
    "status": "PUBLISH",
    "authors": ["Jon Barrilleaux"],
    "categories": ["Java", "Computer Graphics"]
  },
  {
    "title": "Hibernate in Action",
    "isbn": "193239415X",
    "pageCount": 400,
    "publishedDate": { "$date": "2004-08-01T00:00:00.000-0700" },
    "thumbnailUrl": "https://s3.amazonaws.com/AKIAJC5RLADLUMVRPFDQ.book-thumb-images/bauer.jpg",
    "shortDescription": "\"2005 Best Java Book!\" -- Java Developer's Journal",
    "longDescription": "Hibernate practically exploded on the Java scene. Why is this open-source tool so popular  Because it automates a tedious task: persisting your Java objects to a relational database. The inevitable mismatch between your object-oriented code and the relational database requires you to write code that maps one to the other. This code is often complex, tedious and costly to develop. Hibernate does the mapping for you.    Not only that, Hibernate makes it easy. Positioned as a layer between your application and your database, Hibernate takes care of loading and saving of objects. Hibernate applications are cheaper, more portable, and more resilient to change. And they perform better than anything you are likely to develop yourself.    Hibernate in Action carefully explains the concepts you need, then gets you going. It builds on a single example to show you how to use Hibernate in practice, how to deal with concurrency and transactions, how to efficiently retrieve objects and use caching.    The authors created Hibernate and they field questions from the Hibernate community every day - they know how to make Hibernate sing. Knowledge and insight seep out of every pore of this book.",
    "status": "PUBLISH",
    "authors": ["Christian Bauer", "Gavin King"],
    "categories": ["Java"]
  },
  {
    "title": "Hibernate in Action (Chinese Edition)",
    "pageCount": 400,
    "publishedDate": { "$date": "1999-06-01T00:00:00.000-0700" },
    "thumbnailUrl": "https://s3.amazonaws.com/AKIAJC5RLADLUMVRPFDQ.book-thumb-images/bauer-cn.jpg",
    "status": "PUBLISH",
    "authors": ["Christian Bauer", "Gavin King"],
    "categories": ["Java"]
  },
  {
    "title": "Java Persistence with Hibernate",
    "isbn": "1932394885",
    "pageCount": 880,
    "publishedDate": { "$date": "2006-11-01T00:00:00.000-0800" },
    "thumbnailUrl": "https://s3.amazonaws.com/AKIAJC5RLADLUMVRPFDQ.book-thumb-images/bauer2.jpg",
    "shortDescription": "\"...this book is the ultimate solution. If you are going to use Hibernate in your application, you have no other choice, go rush to the store and get this book.\" --JavaLobby",
    "longDescription": "Persistence -- the ability of data to outlive an instance of a program -- is central to modern applications. Hibernate, the most popular Java persistence tool, provides automatic and transparent object/relational mapping so it's a snap to work with SQL databases in Java applications. Hibernate conforms to the new EJB 3.0 and Java Persistence 1.0 standards.    Java Persistence with Hibernate explores Hibernate by developing an application that ties together hundreds of individual examples. You'll immediately dig into the rich programming model of Hibernate 3.2 and Java Persistence, working through queries, fetching strategies, caching, transactions, conversations, and more. You'll also appreciate the well-illustrated discussion of best practices in database design, object/relational mapping, and optimization techniques.    In this revised edition of Manning's bestselling Hibernate in Action, authors Christian Bauer and Gavin King -- the founder of the Hibernate project -- cover Hibernate 3.2 in detail along with the EJB 3.0 and Java Persistence 1.0 standards.",
    "status": "PUBLISH",
    "authors": ["Christian Bauer", "Gavin King"],
    "categories": ["Java"]
  },
  {
    "title": "JSTL in Action",
    "isbn": "1930110529",
    "pageCount": 480,
    "publishedDate": { "$date": "2002-07-01T00:00:00.000-0700" },
    "thumbnailUrl": "https://s3.amazonaws.com/AKIAJC5RLADLUMVRPFDQ.book-thumb-images/bayern.jpg",
    "longDescription": "JSTL is an important simplification of the Java web platform. With JSTL, page authors can now write dynamic pages using standard HTML-like tags and an easy-to-learn expression language. JSTL is a standard from the Java Community Process, and its expression language will become part of JSP 2.0.    JSTL in Action shows you how to write rich, dynamic web pages without programming. From simple loops to tricky XML processing, every feature of JSTL is covered and exercised in numerous useful examples. Whether you are a novice page author or an experienced Java programmer, this book shows you easy ways to create powerful web sites.    To help readers who don't already have a JSP container run the examples in the book, there's a free companion download here. This bundle contains a ready-to-run JSP container, a JSTL implementation, and all the book's examples.",
    "status": "PUBLISH",
    "authors": ["Shawn Bayern"],
    "categories": ["Internet"]
  },
  {
    "title": "iBATIS in Action",
    "isbn": "1932394826",
    "pageCount": 384,
    "publishedDate": { "$date": "2007-01-01T00:00:00.000-0800" },
    "thumbnailUrl": "https://s3.amazonaws.com/AKIAJC5RLADLUMVRPFDQ.book-thumb-images/begin.jpg",
    "shortDescription": "   Gets new users going and gives experienced users in-depth coverage of advanced features.       Jeff Cunningham, The Weather Channel Interactive",
    "longDescription": "Unlike some complex and invasive persistence solutions, iBATIS keeps O/RM clean and simple. It is an elegant persistence framework that maps classes to SQL statements and keeps the learning curve flat. The iBATIS approach makes apps easy to code, test, and deploy. You write regular SQL and iBATIS gives you standard objects for persistence and retrieval. There   s no need to change existing database schemas   iBATIS is tolerant of legacy databases (even badly designed ones).    iBATIS in Action is a comprehensive tutorial on the framework and an introduction to the iBATIS philosophy. Clinton Begin and coauthors lead you through the core features, including configuration, statements, and transactions. Because you   ll need more than the basics, it explores sophisticated topics like Dynamic SQL and data layer abstraction. You   ll also learn a useful skill: how to extend iBATIS itself. A complete, detailed example shows you how to put iBATIS to work. Topics are clearly organized and easily accessible for reference.",
    "status": "PUBLISH",
    "authors": ["Clinton Begin", "Brandon Goodin", "Larry Meadors"],
    "categories": ["Web Development"]
  },
  {
    "title": "Designing Hard Software",
    "isbn": "133046192",
    "pageCount": 350,
    "publishedDate": { "$date": "1997-02-01T00:00:00.000-0800" },
    "shortDescription": "\"This book is well written ... The author does not fear to be controversial. In doing so, he writes a coherent book.\" --Dr. Frank J. van der Linden, Phillips Research Laboratories",
    "longDescription": "Have you ever heard, \"I can't define a good design but I know one when I see it\"  Designing Hard Software discusses ways to develop software system designs that have the same tangibility and visibility as designs for hard objects like buildings or computer hardware. It emphasizes steps called \"essential tasks\" which result in software specifications that show how each requirement, including robustness and extensibility, will be satisfied. All software developers and managers seeking to develop \"hard\" software will benefit from these ideas.    There are six essential tasks necessary for a good design:    User (run-time) requirements  Development sponsor (build-time) requirements  Domain information  Behavior identification and allocation  Behavior description  Software system architecture  Designing Hard Software goes beyond the standard software development methodologies such as those by Booch, Rumbaugh, Yourdon, and others, by providing techniques for a complete system architecture as well as explicit measures of the goodness of design. So, \"you define a good design.\"",
    "status": "PUBLISH",
    "authors": ["Douglas W. Bennett"],
    "categories": ["Object-Oriented Programming", "S"]
  },
  {
    "title": "Hibernate Search in Action",
    "isbn": "1933988649",
    "pageCount": 488,
    "publishedDate": { "$date": "2008-12-21T00:00:00.000-0800" },
    "thumbnailUrl": "https://s3.amazonaws.com/AKIAJC5RLADLUMVRPFDQ.book-thumb-images/bernard.jpg",
    "shortDescription": "\"A great resource for true database independent full text search.\" --Aaron Walker, base2Services",
    "longDescription": "Good search capability is one of the primary demands of a business application. Engines like Lucene provide a great starting point, but with complex applications it can be tricky to implement. It's tough to keep the index up to date, deal with the mismatch between the index structure and the domain model, handle querying conflicts, and so on.    Hibernate Search is an enterprise search tool based on Hibernate Core and Apache Lucene. It provides full text search capabilities for Hibernate-based applications without the infrastructural code required by other search engines. With this free, open-source technology, you can quickly add high-powered search features in an intelligent, maintainable way.    Hibernate Search in Action is a practical, example-oriented guide for Java developers with some background in Hibernate Core. As the first book to cover Hibernate Search, it guides you through every step to set up full text search functionality in your Java applications. The book also introduces core search techniques and reviews the relevant parts of Lucene, in particular the query capabilities.    Hibernate Search in Action also provides a pragmatic, how-to exploration of more advanced topics such as Search clustering. For anyone using Hibernate or JBoss Seam, this book is the definitive guide on how to add or enhance search features in their applications.",
    "status": "PUBLISH",
    "authors": ["Emmanuel Bernard", "John Griffin"],
    "categories": ["Java"]
  },
  {
    "title": "jQuery in Action",
    "isbn": "1933988355",
    "pageCount": 376,
    "publishedDate": { "$date": "2008-01-01T00:00:00.000-0800" },
    "thumbnailUrl": "https://s3.amazonaws.com/AKIAJC5RLADLUMVRPFDQ.book-thumb-images/bibeault.jpg",
    "shortDescription": "\"The best-thought-out and researched piece of literature on the jQuery library.\" --From the forward by John Resig, Creator of jQuery",
    "longDescription": "A really good web development framework anticipates your needs. jQuery does more   it practically reads your mind. Developers fall in love with this JavaScript library the moment they see 20 lines of code reduced to three. jQuery is concise and readable. Its unique    chaining    model lets you perform multiple operations on a page element in succession, as in  (   div.elements   ).addClass(   myClass   ).load(   ajax_url   ).fadeIn()    jQuery in Action is a fast-paced introduction and guide. It shows you how to traverse HTML documents, handle events, perform animations, and add Ajax to your web pages. The book's unique    lab pages    anchor the explanation of each new concept in a practical example. You'll learn how jQuery interacts with other tools and frameworks and how to build jQuery plugins. This book requires a modest knowledge of JavaScript and Ajax.",
    "status": "PUBLISH",
    "authors": ["Bear Bibeault", "Yehuda Katz"],
    "categories": ["Web Development"]
  },

  {
    "title": "jQuery in Action, Second Edition",
    "isbn": "1935182323",
    "pageCount": 488,
    "publishedDate": { "$date": "2010-06-01T00:00:00.000-0700" },
    "thumbnailUrl": "https://s3.amazonaws.com/AKIAJC5RLADLUMVRPFDQ.book-thumb-images/bibeault2.jpg",
    "shortDescription": "jQuery in Action, Second Edition is a fast-paced introduction to jQuery that will take your JavaScript programming to the next level. An in-depth rewrite of the bestselling first edition, this edition provides deep and practical coverage of the latest jQuery and jQuery UI releases. The book's unique \"lab pages\" anchor the explanation of each new concept in a practical example. You'll learn how to traverse HTML documents, handle events, perform animations, and add Ajax to your web pages. This comprehensive guide also teaches you how jQuery interacts with other tools and frameworks and how to build jQuery plugins. ",
    "longDescription": "A really good web development framework anticipates your needs. jQuery does more   it practically reads your mind. Developers fall in love with this JavaScript library the moment they see 20 lines of code reduced to three. jQuery is concise and readable. Its unique \"chaining\" model lets you perform multiple operations on a page element in succession. And with version 1.4, there's even more to love about jQuery, including new effects and events, usability improvements, and more testing options.    jQuery in Action, Second Edition is a fast-paced introduction and guide. Building on the bestselling first edition, it adds new examples, more labs, and deeper explanations of important features. You   ll learn how to traverse HTML documents, handle events, perform animations, and add Ajax to your web pages. The book's unique \"lab pages\" anchor the explanation of each new concept in a practical example. You'll learn how jQuery interacts with other tools and frameworks and how to build jQuery plugins. This book requires a modest knowledge of JavaScript and Ajax.",
    "status": "PUBLISH",
    "authors": ["Bear Bibeault", "Yehuda Katz"],
    "categories": ["Java"]
  },
  {
    "title": "Building Secure and Reliable Network Applications",
    "isbn": "1884777295",
    "pageCount": 591,
    "publishedDate": { "$date": "1996-01-01T00:00:00.000-0800" },
    "thumbnailUrl": "https://s3.amazonaws.com/AKIAJC5RLADLUMVRPFDQ.book-thumb-images/birman.jpg",
    "shortDescription": "\"... tackles the difficult problem of building reliable distributed computing systems in a way that not only presents the principles but also describes proven practical solutions.\" --John Warne, BNR Europe",
    "longDescription": "As the \"network is the computer\" slogan becomes reality so reliability and security of networked applications become more important. Not only are hospitals, air traffic control systems, and telephone networks becoming more networked, but business applications are increasingly based on the open world of the Internet. Stability in the face of minor accidents, software or hardware failures, or outright attack has become vital. This book provides a structured approach to the technologies currently available for building reliable solutions to these problems.    Building Secure and Reliable Network Applications reviews the most important network technologies from a security and reliability perspective and discusses the most effective solutions with an eye towards their application to real-world systems. Any computing professional who works with networked software will find this book valuable in understanding security and reliability vulnerabilities and how to address them.",
    "status": "PUBLISH",
    "authors": ["Kenneth P. Birman"],
    "categories": ["Networking", "Theory"]
  },
  {
    "title": "Ruby for Rails",
    "isbn": "1932394699",
    "pageCount": 532,
    "publishedDate": { "$date": "2006-05-01T00:00:00.000-0700" },
    "thumbnailUrl": "https://s3.amazonaws.com/AKIAJC5RLADLUMVRPFDQ.book-thumb-images/black.jpg",
    "shortDescription": "The word is out: with Ruby on Rails you can build powerful Web applications easily and quickly! And just like the Rails framework itself, Rails applications are Ruby programs. That means you can   t tap into the full power of Rails unless you master the Ruby language.",
    "longDescription": "Ruby for Rails helps Rails developers achieve Ruby mastery. Each chapter deepens your Ruby knowledge and shows you how it connects to Rails. You   ll gain confidence working with objects and classes and learn how to leverage Ruby   s elegant, expressive syntax for Rails application power. And you'll become a better Rails developer through a deep understanding of the design of Rails itself and how to take advantage of it.    Newcomers to Ruby will find a Rails-oriented Ruby introduction that   s easy to read and that includes dynamic programming techniques, an exploration of Ruby objects, classes, and data structures, and many neat examples of Ruby and Rails code in action.    Ruby for Rails: the Ruby guide for Rails developers!",
    "status": "PUBLISH",
    "authors": ["David A. Black"],
    "categories": ["Web Development"]
  },
  {
    "title": "The Well-Grounded Rubyist",
    "isbn": "1933988657",
    "pageCount": 520,
    "publishedDate": { "$date": "2009-04-01T00:00:00.000-0700" },
    "thumbnailUrl": "https://s3.amazonaws.com/AKIAJC5RLADLUMVRPFDQ.book-thumb-images/black2.jpg",
    "shortDescription": "What would appear to be the most complex topic of the book is in fact surprisingly easy to assimilate, and one realizes that the efforts of the author to gradually lead us to a sufficient knowledge of Ruby in order to tackle without pain the most difficult subjects, bears its fruit.       Eric Grimois, Developpez.com",
    "longDescription": "Interest in Ruby has exploded. Developers discovering this elegant, dynamic language quickly learn that Ruby is a powerful alternative to traditional static languages like Java or C++. It runs in most operating environments and can handle virtually any programming task you throw at it. Ruby code is clean and elegant. Best of all, Ruby is dynamic, which means that it's designed to react at runtime to changes in an application's environment or requirements.    The Well-Grounded Rubyist takes you from interested novice to proficient practitioner. It's a beautifully written tutorial that begins with the basic steps to get your first Ruby program up and running and goes on to explore sophisticated topics like callable objects, reflection, and threading The book concentrates on the language, preparing you for any way you may choose to use Ruby. Whether the topic is simple or tough, the book's easy-to-follow examples and explanations give you immediate confidence as you build your Ruby programming skills.    The Well-Grounded Rubyist is a thoroughly revised and updated edition of the best-selling Ruby for Rails. In this new book, expert author David A. Black moves beyond Rails and presents a broader view of Ruby. It covers Ruby 1.9, and keeps the same sharp focus and clear writing that made Ruby for Rails stand out.    It's no wonder one reader commented: \"The technical depth is just right to not distract beginners, yet detailed enough for more advanced readers.\"",
    "status": "PUBLISH",
    "authors": ["David A. Black"],
    "categories": ["Programming"]
  },
  {
    "title": "Website Owner's Manual",
    "isbn": "1933988452",
    "pageCount": 296,
    "publishedDate": { "$date": "2009-10-01T00:00:00.000-0700" },
    "thumbnailUrl": "https://s3.amazonaws.com/AKIAJC5RLADLUMVRPFDQ.book-thumb-images/boag.jpg",
    "shortDescription": "Website Owner's Manual helps you form a vision for your site, guides you through the process of selecting a web design agency, and gives you enough background information to make intelligent decisions throughout the development process. This book provides a jargon-free overview of web design, including accessibility, usability, online marketing, and web development techniques. You'll gain a practical understanding of the technologies, processes, and ideas that drive a successful website.",
    "longDescription": "Just because you're responsible for your organization's web presence doesn't mean you know how to build a website. The job of planning, launching, and managing a site often falls to people who have little or no experience in web design or development. Website Owner's Manual is a book for the thousands of marketers, IT managers, project leaders, and business owners who need to put a website in place and keep it running with a minimum of trouble.    Website Owner's Manual helps you form a vision for your site, guides you through the process of selecting a web design agency, and gives you enough background information to make intelligent decisions throughout the development process. This book provides a jargon-free overview of web design, including accessibility, usability, online marketing, and web development techniques. You'll gain a practical understanding of the technologies, processes, and ideas that drive a successful website.",
    "status": "PUBLISH",
    "authors": ["Paul A. Boag"],
    "categories": ["Internet"]
  },
  {
    "title": "ASP.NET 4.0 in Practice",
    "isbn": "1935182463",
    "pageCount": 504,
    "publishedDate": { "$date": "2011-05-15T00:00:00.000-0700" },
    "thumbnailUrl": "https://s3.amazonaws.com/AKIAJC5RLADLUMVRPFDQ.book-thumb-images/bochicchio.jpg",
    "shortDescription": "ASP.NET 4.0 in Practice contains real world techniques from well-known professionals who have been using ASP.NET since the first previews.",
    "longDescription": "ASP.NET is an established technology to build web applications using Microsoft products. It drives a number of enterprise-level web sites around the world, but it can be scaled for projects of any size. The new version 4.0 is an evolutionary step: you will find a lot of new features that you will be able to leverage to build better web applications with minimal effort.    ASP.NET 4.0 in Practice contains real world techniques from well-known professionals who have been using ASP.NET since the first previews. Using a practical Problem-Solution-Discussion format, it will guide you through the most common scenarios you will face in a typical ASP.NET application, and provide solutions and suggestions to take your applications to another level.",
    "status": "PUBLISH",
    "authors": [
      "Daniele Bochicchio",
      "Stefano Mostarda",
      "",
      "Marco De Sanctis"
    ],
    "categories": ["Microsoft .NET"]
  },
  {
    "title": "Hello! Python",
    "isbn": "1935182080",
    "pageCount": 350,
    "publishedDate": { "$date": "2012-02-13T00:00:00.000-0800" },
    "thumbnailUrl": "https://s3.amazonaws.com/AKIAJC5RLADLUMVRPFDQ.book-thumb-images/briggs.jpg",
    "shortDescription": "Hello! Python fully covers the building blocks of Python programming and gives you a gentle introduction to more advanced topics such as object oriented programming, functional programming, network programming, and program design. New (or nearly new) programmers will learn most of what they need to know to start using Python immediately.",
    "longDescription": "Learn Python the fast and fun way! Hello! Python is a fully-illustrated, project-driven tutorial designed to get you up and running with Python, no experience required. It's full of projects that help you learn the way most programmers do   one step at a time, starting with the basics, and then applying your new skills in useful programs.    Hello! Python fully covers the building blocks of Python programming and gives you a gentle introduction to more advanced topics such as object oriented programming, functional programming, network programming, and program design. New (or nearly new) programmers will learn most of what they need to know to start using Python immediately.    The book presents several practical projects, including games, business, and graphical applications. Each example provides a solid base for you to develop your own programs. As you dig into Python, you'll see how programs are created, and the reasons behind the technical decisions.    The book covers Python's large standard library gradually and in the context of sample apps, so the reader isn't overwhelmed with a large number of library functions to absorb all at once. Upon completing the book, the reader will have a good grasp of Python, know several technologies and libraries related to Python and be able to identify many resources for future growth as a programmer.",
    "status": "PUBLISH",
    "authors": ["Anthony Briggs"],
    "categories": ["Python"]
  },
  {
    "title": "PFC Programmer's Reference Manual",
    "isbn": "1884777554",
    "pageCount": 368,
    "publishedDate": { "$date": "1998-06-01T00:00:00.000-0700" },
    "thumbnailUrl": "https://s3.amazonaws.com/AKIAJC5RLADLUMVRPFDQ.book-thumb-images/brooks.jpg",
    "longDescription": "PFC Programmers' Reference Manual provides information that should prove indispensible for the PowerBuilder programmer trying to learn the PowerBuilder Foundation Classes. It lists all of the objects and functions that they might use for a project with notes from the author on each function. Service-based architecture and appropriate object-oriented techniques are stressed throughout.    The more difficult objects and services are given special attention; these are the ones that are sure to enhance your image as an expert in this emerging technology. The text is written with the same easy-to-understand prose that has marked the PowerBuilder Dojo as one of the premier PowerBuilder sites worldwide.    At first, the programmer will find this book a comprehensive guide to the wide scope of these libraries. Later it will serve as a handy memory tool for finding exactly what is needed at implementation time.    The manager will find this book an invaluable source for understanding which tools are available for immediate implementation.    PFC Programmers' Reference Manual covers PowerBuilder version 6 as well as version 5",
    "status": "PUBLISH",
    "authors": ["Richard Brooks"],
    "categories": ["PowerBuilder"]
  },
  {
    "title": "Graphics File Formats",
    "isbn": "133034054",
    "pageCount": 484,
    "publishedDate": { "$date": "1995-06-01T00:00:00.000-0700" },
    "thumbnailUrl": "https://s3.amazonaws.com/AKIAJC5RLADLUMVRPFDQ.book-thumb-images/brown.jpg",
    "longDescription": "Graphics File Formats is a comprehensive guide to the file formats used in computer graphics and related areas. It discusses implementation and design of file formats in a readable style focusing on the basic issues important for the evaluation or development of file formats, including  data types  design goals  color  data organization  data encoding  data compression  classification  and conversion  The second part of the book provides summaries of over 50 graphics file formats in commercial use, such as CGM, DDES, FITS, MPEG, PICT, PostScript, TIFF, QuickTime, RIB, SunRaster, and X bitmap. Following a uniform organization, these summaries are handy reference sources for those needing basic information on these formats.    Written by two computer experts, this book is intended for graphics professionals, programmers and all those in commercial, engineering and scientific applications areas who need to make decisions related to file formats from graphical data.",
    "status": "PUBLISH",
    "authors": ["C. Wayne Brown", "Barry J. Shepherd"],
    "categories": ["Computer Graphics"]
  },
  {
    "title": "Visual Object Oriented Programming",
    "isbn": "131723979",
    "pageCount": 280,
    "publishedDate": { "$date": "1995-02-01T00:00:00.000-0800" },
    "thumbnailUrl": "https://s3.amazonaws.com/AKIAJC5RLADLUMVRPFDQ.book-thumb-images/burnett.jpg",
    "longDescription": "This first book on the union of two rapidly growing approaches to programming--visual programming and object technology--provides a window on a subject of increasing commercial importance. It is an introduction and reference for cutting-edge developers, and for researchers, students, and enthusiasts interested in the design of visual OOP languages and environments.  Visual Object-Oriented Programming includes chapters on both emerging research and on a few classic systems, that together can help those who design visual object-oriented programming systems avoid some known pitfalls. The book contains an experience report on the use of available visual programming languages in a commercial setting, and chapters, by some of the leaders of this cutting-edge subject, covering systems such as Prograph, VIPR, PURSUIT, ThingLab II, Vampire, Forms/3, Self's environment, Vista, SPE, and Cerno.",
    "status": "PUBLISH",
    "authors": ["Margaret M. Burnett", "Adele Goldberg", "", "Ted G. Lewis"],
    "categories": ["Programming"]
  },
  {
    "title": "iOS in Practice",
    "isbn": "1617291269",
    "pageCount": 325,
    "publishedDate": { "$date": "2013-11-01T00:00:00.000-0700" },
    "thumbnailUrl": "https://s3.amazonaws.com/AKIAJC5RLADLUMVRPFDQ.book-thumb-images/cahill.jpg",
    "status": "PUBLISH",
    "authors": ["Bear P. Cahill"],
    "categories": ["Mobile Technology"]
  },
  {
    "title": "iPhone in Action",
    "isbn": "193398886X",
    "pageCount": 472,
    "publishedDate": { "$date": "2008-12-01T00:00:00.000-0800" },
    "thumbnailUrl": "https://s3.amazonaws.com/AKIAJC5RLADLUMVRPFDQ.book-thumb-images/callen.jpg",
    "shortDescription": "   There is not another iPhone title that does such a great coverage of both Web and SDK topics under one roof, thus providing a well-rounded developer education.       Vladimir Pasman, Cocoacast.com",
    "longDescription": "The iPhone explodes old ideas of a cell phone. Its native SDK offers a remarkable range of features including easy-to-build graphical objects, a unique navigation system, and a built-in database, all on a location-knowledgeable device. Websites and web apps can now behave like native iPhone apps, with great network integration.    iPhone in Action is an in-depth introduction to both native and web programming for the iPhone. You'll learn how to turn your web pages into compelling iPhone web apps using WebKit, iUI, and Canvas. The authors also take you step by step into more complex Objective-C programming. They help you master the iPhone SDK including its UI and features like accelerometers, GPS, the Address Book, SQLite, and many more. Using Apple's standard tools like Dashcode, Xcode, and Interface Builder, you'll learn how to best use both approaches: iPhone web and SDK programming.    This book is intended as an introduction to its topics. Proficiency with C, Cocoa, or Objective-C is helpful but not required.",
    "status": "PUBLISH",
    "authors": ["Christopher Allen", "Shannon Appelcline"],
    "categories": ["Web Development"]
  },
  {
    "title": "Silverlight 2 in Action",
    "isbn": "1933988428",
    "pageCount": 400,
    "publishedDate": { "$date": "2008-10-31T00:00:00.000-0700" },
    "thumbnailUrl": "https://s3.amazonaws.com/AKIAJC5RLADLUMVRPFDQ.book-thumb-images/campbell.jpg",
    "shortDescription": "   Silverlight 2 in Action gives you a solid, well-thought out and coherent foundation for building RIA web applications, and provides you with lots of technical details without ever becoming cloudy.       Golo Roden, author, trainer and speaker for .NET technologies",
    "longDescription": "Microsoft describes Silverlight as a \"cross-browser, cross-platform plug-in for delivering the next generation of .NET based media experiences and rich interactive applications for the Web.\" That's a really boring description for a really exciting new technology. Anyone who has looked at the demos and gotten a taste of what Silverlight can do knows that Silverlight represents an entirely new level of rich web interface technology for Microsoft developers. With Silverlight 2, developers can use JavaScript, VB, C#, Python, and Ruby to build user-friendly, interactive, and visually-dazzling web applications that work in most major browsers.    Silverlight 2 in Action is the first book to cover Silverlight 2, a far more robust implementation of Silverlight than the current 1 release that supports only JavaScript. The much-anticipated 2 release adds powerful new features along with the ability to code in multiple languages and integrate your work with Visual Studio and the new Expression suite of tools. This book delivers real-world examples and in-depth walkthroughs to help you confidently enhance your web applications using Silverlight 2.    Silverlight 2 in Action devotes extensive coverage to flexible layout components, the extensible control model, the communication framework, and the data-binding features   all cornerstones of software development. Author and Microsoft MVP Chad Campbell also describes rich media and vivid graphical and animation features. The final chapters include a variety of Silverlight deployment scenarios.    In addition to the fundamentals of Silverlight, you'll be introduced to architectural components such as the Silverlight object model. The book addresses the developer/designer collaboration model Silverlight enables, showing the developer how to include the designer effectively in the project workflow. This model is illustrated throughout the examples.    For ongoing reader support, the author will maintain a dedicated book-support website providing up-to-the-minute working examples, complete with source code, all in Silverlight.",
    "status": "PUBLISH",
    "authors": ["Chad A. Campbell", "John Stockton"],
    "categories": ["Microsoft .NET"]
  },
  {
    "title": "The Quick Python Book, Second Edition",
    "isbn": "193518220X",
    "pageCount": 360,
    "publishedDate": { "$date": "2010-01-01T00:00:00.000-0800" },
    "thumbnailUrl": "https://s3.amazonaws.com/AKIAJC5RLADLUMVRPFDQ.book-thumb-images/ceder.jpg",
    "shortDescription": "This revision of Manning's popular The Quick Python Book offers a clear, crisp introduction to the elegant Python programming language and its famously easy-to-read syntax. Written for programmers new to Python, this updated edition covers features common to other languages concisely, while introducing Python's comprehensive standard functions library and unique features in detail.",
    "longDescription": "This revision of Manning's popular The Quick Python Book offers a clear, crisp introduction to the elegant Python programming language and its famously easy-to-read syntax. Written for programmers new to Python, this updated edition covers features common to other languages concisely, while introducing Python's comprehensive standard functions library and unique features in detail.    After exploring Python's syntax, control flow, and basic data structures, the book shows how to create, test, and deploy full applications and larger code libraries. It addresses established Python features as well as the advanced object-oriented options available in Python 3. Along the way, you'll survey the current Python development landscape, including GUI programming, testing, database access, and web frameworks.    WHAT'S INSIDE:        * Concepts and Python 3 features      * Regular expressions and testing      * Python tools      * All the Python you need   nothing you don't",
    "status": "PUBLISH",
    "authors": ["Naomi R. Ceder"],
    "categories": ["Python"]
  },
  {
    "title": "Internet and Intranet Applications with PowerBuilder 6",
    "isbn": "1884777600",
    "pageCount": 390,
    "publishedDate": { "$date": "2000-12-01T00:00:00.000-0800" },
    "thumbnailUrl": "https://s3.amazonaws.com/AKIAJC5RLADLUMVRPFDQ.book-thumb-images/cervenka.jpg",
    "longDescription": "If you're a PowerBuilder programmer, Internet and Intranet Applications with PowerBuilder 6 is your ticket to learning Web.PB and related technologies. The book covers everything you need to know to build web browser and server programs with the PowerBuilder 6 Internet Toolkit. Also covered is how to write winsock programs with PB, and Distributed PB is covered to the extent necessary to learn Web.PB.",
    "status": "PUBLISH",
    "authors": ["Tom Cervenka"],
    "categories": ["PowerBuilder"]
  },
  {
    "title": "Practical Methods for Your Year 2000 Problem",
    "isbn": "188477752X",
    "pageCount": 236,
    "publishedDate": { "$date": "1998-01-01T00:00:00.000-0800" },
    "shortDescription": "Practical Methods for Your Year 2000 Problem gives the Year 2000 project team a step-by-step methodology for addressing the Year 2000 problem.",
    "longDescription": "Practical Methods for Your Year 2000 Problem gives the Year 2000 project team a step-by-step methodology for addressing the Year 2000 problem. By seeking to minimize the amount of work to be performed, and thus maximize the probability of having a successful Year 2000 project, the book is geared towards (a) helping the inhouse personnel understand, scope and, execute their project while (b) removing the need to spend large amounts of money on professional consulting firms. The VisualAge 2000 toolset by IBM is used for examples.    Practical Methods for Your Year 2000 Problem identifies what you need to look for, how you need to look at it, and what to do with what you see. No other book or company in the market today provides a solution as comprehensive and cost-effective as this. Starting with the clear, concise, and unambiguous definitions of what dates are and how programs and files relate to them, the book goes on to describe how to change them to be useful forever, not just up to the next century.    Finally, Practical Methods for Your Year 2000 Problem gives practical and comprehensive advice on all aspects of the Year 2000 problem, from inventorying software and hardware through to implementing large numbers of interrelated programs, files, and tables.",
    "status": "PUBLISH",
    "authors": ["Robert Chapman"],
    "categories": ["Business"]
  }
 ]
}
